"PROJ","CLASSIFIER","ITERATION","FEATURE_SELECTION","SAMPLING","COST_SENSITIVE","PRECISION","RECALL","AUC","KAPPA","NPOFB","TP","FP","TN","FN","%_OF_TRAINING"
"SYNCOPE","RandomForest","1","NO","NO","NO","NaN","0","0,5","0","0,09091","0.0","0.0","539.0","12.0","74,21619"
"SYNCOPE","NaiveBayes","1","NO","NO","NO","0","0","0,36054","-0,02402","0,08333","0.0","14.0","525.0","12.0","74,21619"
"SYNCOPE","IBk","1","NO","NO","NO","NaN","0","0,55102","0","0,09091","0.0","0.0","539.0","12.0","74,21619"
"SYNCOPE","RandomForest","1","BEST FIRST","NO","NO","NaN","0","0,5","0","0,09091","0.0","0.0","539.0","12.0","74,21619"
"SYNCOPE","NaiveBayes","1","BEST FIRST","NO","NO","NaN","0","0,76075","0","0,25","0.0","0.0","539.0","12.0","74,21619"
"SYNCOPE","IBk","1","BEST FIRST","NO","NO","NaN","0","0,83619","0","0,18182","0.0","0.0","539.0","12.0","74,21619"
"SYNCOPE","RandomForest","1","BEST FIRST","UNDERSAMPLING","NO","NaN","0","0,5","0","0,09091","0.0","0.0","539.0","12.0","74,21619"
"SYNCOPE","NaiveBayes","1","BEST FIRST","UNDERSAMPLING","NO","NaN","0","0,76075","0","0,25","0.0","0.0","539.0","12.0","74,21619"
"SYNCOPE","IBk","1","BEST FIRST","UNDERSAMPLING","NO","NaN","0","0,83619","0","0,18182","0.0","0.0","539.0","12.0","74,21619"
"SYNCOPE","RandomForest","1","BEST FIRST","OVERSAMPLING","NO","NaN","0","0,5","0","0,09091","0.0","0.0","539.0","12.0","74,21619"
"SYNCOPE","NaiveBayes","1","BEST FIRST","OVERSAMPLING","NO","NaN","0","0,75557","0","0,25","0.0","0.0","539.0","12.0","74,21619"
"SYNCOPE","IBk","1","BEST FIRST","OVERSAMPLING","NO","NaN","0","0,85374","0","0,33333","0.0","0.0","539.0","12.0","74,21619"
"SYNCOPE","RandomForest","1","BEST FIRST","NO","SENSITIVE_LEARNING","NaN","0","0,5","0","0,09091","0.0","0.0","539.0","12.0","74,21619"
"SYNCOPE","NaiveBayes","1","BEST FIRST","NO","SENSITIVE_LEARNING","NaN","0","0,76075","0","0,25","0.0","0.0","539.0","12.0","74,21619"
"SYNCOPE","IBk","1","BEST FIRST","NO","SENSITIVE_LEARNING","NaN","0","0,83619","0","0,18182","0.0","0.0","539.0","12.0","74,21619"
"SYNCOPE","RandomForest","2","NO","NO","NO","0,2","0,09091","0,87152","0,11398","0,63636","1.0","4.0","538.0","10.0","79,44238"
"SYNCOPE","NaiveBayes","2","NO","NO","NO","0,0203","1","0,70346","0,00082","0,09091","11.0","531.0","11.0","0.0","79,44238"
"SYNCOPE","IBk","2","NO","NO","NO","0,27273","0,27273","0,91186","0,25797","0,54545","3.0","8.0","534.0","8.0","79,44238"
"SYNCOPE","RandomForest","2","BEST FIRST","NO","NO","1","0,27273","0,98801","0,42366","1","3.0","0.0","542.0","8.0","79,44238"
"SYNCOPE","NaiveBayes","2","BEST FIRST","NO","NO","0,17647","0,27273","0,70572","0,19484","0,27273","3.0","14.0","528.0","8.0","79,44238"
"SYNCOPE","IBk","2","BEST FIRST","NO","NO","0,28571","0,18182","0,9132","0,21","0,4","2.0","5.0","537.0","9.0","79,44238"
"SYNCOPE","RandomForest","2","BEST FIRST","UNDERSAMPLING","NO","0,03986","1","0,83915","0,03992","0,09091","11.0","265.0","277.0","0.0","79,44238"
"SYNCOPE","NaiveBayes","2","BEST FIRST","UNDERSAMPLING","NO","0,05769","0,81818","0,7609","0,07335","0,09091","9.0","147.0","395.0","2.0","79,44238"
"SYNCOPE","IBk","2","BEST FIRST","UNDERSAMPLING","NO","0,02193","0,90909","0,54394","0,00414","0,09091","10.0","446.0","96.0","1.0","79,44238"
"SYNCOPE","RandomForest","2","BEST FIRST","OVERSAMPLING","NO","0,38889","0,63636","0,84594","0,46966","0,8","7.0","11.0","531.0","4.0","79,44238"
"SYNCOPE","NaiveBayes","2","BEST FIRST","OVERSAMPLING","NO","0,08197","0,45455","0,70018","0,10885","0,09091","5.0","56.0","486.0","6.0","79,44238"
"SYNCOPE","IBk","2","BEST FIRST","OVERSAMPLING","NO","0,26667","0,36364","0,87437","0,29143","0,4","4.0","11.0","531.0","7.0","79,44238"
"SYNCOPE","RandomForest","2","BEST FIRST","NO","SENSITIVE_LEARNING","0,4375","0,63636","0,84904","0,50689","0,8","7.0","9.0","533.0","4.0","79,44238"
"SYNCOPE","NaiveBayes","2","BEST FIRST","NO","SENSITIVE_LEARNING","0,13333","0,36364","0,70572","0,17099","0,18182","4.0","26.0","516.0","7.0","79,44238"
"SYNCOPE","IBk","2","BEST FIRST","NO","SENSITIVE_LEARNING","0,28571","0,36364","0,91312","0,30451","0,4","4.0","10.0","532.0","7.0","79,44238"
"SYNCOPE","RandomForest","3","NO","NO","NO","0,5","0,15385","0,82543","0,22674","0,61538","2.0","2.0","538.0","11.0","82,94789"
"SYNCOPE","NaiveBayes","3","NO","NO","NO","0,02359","1","0,75306","0,00017","0,15385","13.0","538.0","2.0","0.0","82,94789"
"SYNCOPE","IBk","3","NO","NO","NO","0,66667","0,30769","0,91368","0,41233","0,69231","4.0","2.0","538.0","9.0","82,94789"
"SYNCOPE","RandomForest","3","BEST FIRST","NO","NO","0,66667","0,30769","0,83063","0,41233","0,75","4.0","2.0","538.0","9.0","82,94789"
"SYNCOPE","NaiveBayes","3","BEST FIRST","NO","NO","0,11765","0,15385","0,7505","0,10961","0,15385","2.0","15.0","525.0","11.0","82,94789"
"SYNCOPE","IBk","3","BEST FIRST","NO","NO","0,66667","0,30769","0,87528","0,41233","0,69231","4.0","2.0","538.0","9.0","82,94789"
"SYNCOPE","RandomForest","3","BEST FIRST","UNDERSAMPLING","NO","0,06358","0,84615","0,84217","0,07796","0,30769","11.0","162.0","378.0","2.0","82,94789"
"SYNCOPE","NaiveBayes","3","BEST FIRST","UNDERSAMPLING","NO","0,0625","0,23077","0,7166","0,06372","0,16667","3.0","45.0","495.0","10.0","82,94789"
"SYNCOPE","IBk","3","BEST FIRST","UNDERSAMPLING","NO","0,0719","0,84615","0,76489","0,09324","0,38462","11.0","142.0","398.0","2.0","82,94789"
"SYNCOPE","RandomForest","3","BEST FIRST","OVERSAMPLING","NO","0,42105","0,61538","0,83298","0,48564","0,69231","8.0","11.0","529.0","5.0","82,94789"
"SYNCOPE","NaiveBayes","3","BEST FIRST","OVERSAMPLING","NO","0,07143","0,30769","0,74003","0,08087","0,16667","4.0","52.0","488.0","9.0","82,94789"
"SYNCOPE","IBk","3","BEST FIRST","OVERSAMPLING","NO","0,36842","0,53846","0,82735","0,42135","0,61538","7.0","12.0","528.0","6.0","82,94789"
"SYNCOPE","RandomForest","3","BEST FIRST","NO","SENSITIVE_LEARNING","0,42105","0,61538","0,79494","0,48564","0,61538","8.0","11.0","529.0","5.0","82,94789"
"SYNCOPE","NaiveBayes","3","BEST FIRST","NO","SENSITIVE_LEARNING","0,1","0,23077","0,7505","0,11035","0,07692","3.0","27.0","513.0","10.0","82,94789"
"SYNCOPE","IBk","3","BEST FIRST","NO","SENSITIVE_LEARNING","0,38889","0,53846","0,8755","0,43622","0,69231","7.0","11.0","529.0","6.0","82,94789"
"SYNCOPE","RandomForest","4","NO","NO","NO","0,5","0,02273","0,67136","0,03765","0,27907","1.0","1.0","587.0","43.0","83,69032"
"SYNCOPE","NaiveBayes","4","NO","NO","NO","0,06038","0,72727","0,44318","-0,01959","0,29545","32.0","498.0","90.0","12.0","83,69032"
"SYNCOPE","IBk","4","NO","NO","NO","0,30769","0,09091","0,72159","0,11216","0,38636","4.0","9.0","579.0","40.0","83,69032"
"SYNCOPE","RandomForest","4","BEST FIRST","NO","NO","1","0,09091","0,64962","0,15688","0,40909","4.0","0.0","588.0","40.0","83,69032"
"SYNCOPE","NaiveBayes","4","BEST FIRST","NO","NO","0,26316","0,11364","0,53668","0,12185","0,13636","5.0","14.0","574.0","39.0","83,69032"
"SYNCOPE","IBk","4","BEST FIRST","NO","NO","0,75","0,13636","0,73869","0,21393","0,34091","6.0","2.0","586.0","38.0","83,69032"
"SYNCOPE","RandomForest","4","BEST FIRST","UNDERSAMPLING","NO","0,15476","0,59091","0,7231","0,15168","0,4186","26.0","142.0","446.0","18.0","83,69032"
"SYNCOPE","NaiveBayes","4","BEST FIRST","UNDERSAMPLING","NO","0,19444","0,31818","0,56685","0,16961","0,27273","14.0","58.0","530.0","30.0","83,69032"
"SYNCOPE","IBk","4","BEST FIRST","UNDERSAMPLING","NO","0,15432","0,56818","0,68924","0,1496","0,38636","25.0","137.0","451.0","19.0","83,69032"
"SYNCOPE","RandomForest","4","BEST FIRST","OVERSAMPLING","NO","0,46154","0,27273","0,66153","0,30702","0,40909","12.0","14.0","574.0","32.0","83,69032"
"SYNCOPE","NaiveBayes","4","BEST FIRST","OVERSAMPLING","NO","0,16981","0,20455","0,53392","0,1185","0,30233","9.0","44.0","544.0","35.0","83,69032"
"SYNCOPE","IBk","4","BEST FIRST","OVERSAMPLING","NO","0,34483","0,22727","0,73035","0,23146","0,29545","10.0","19.0","569.0","34.0","83,69032"
"SYNCOPE","RandomForest","4","BEST FIRST","NO","SENSITIVE_LEARNING","0,47368","0,20455","0,64995","0,2544","0,38636","9.0","10.0","578.0","35.0","83,69032"
"SYNCOPE","NaiveBayes","4","BEST FIRST","NO","SENSITIVE_LEARNING","0,2","0,13636","0,53668","0,11204","0,11364","6.0","24.0","564.0","38.0","83,69032"
"SYNCOPE","IBk","4","BEST FIRST","NO","SENSITIVE_LEARNING","0,45","0,20455","0,73868","0,24855","0,34091","9.0","11.0","577.0","35.0","83,69032"
"SYNCOPE","RandomForest","5","NO","NO","NO","0,33333","0,01111","0,66939","0,00827","0,22222","2.0","4.0","686.0","178.0","81,66491"
"SYNCOPE","NaiveBayes","5","NO","NO","NO","0,17417","0,49444","0,46851","-0,06975","0,32222","89.0","422.0","268.0","91.0","81,66491"
"SYNCOPE","IBk","5","NO","NO","NO","0,4","0,07778","0,64548","0,06741","0,27778","14.0","21.0","669.0","166.0","81,66491"
"SYNCOPE","RandomForest","5","BEST FIRST","NO","NO","0,6875","0,06111","0,57196","0,08121","0,20112","11.0","5.0","685.0","169.0","81,66491"
"SYNCOPE","NaiveBayes","5","BEST FIRST","NO","NO","0,6875","0,06111","0,47585","0,08121","0,14444","11.0","5.0","685.0","169.0","81,66491"
"SYNCOPE","IBk","5","BEST FIRST","NO","NO","0,33333","0,02222","0,65523","0,01622","0,27222","4.0","8.0","682.0","176.0","81,66491"
"SYNCOPE","RandomForest","5","BEST FIRST","UNDERSAMPLING","NO","0,26172","0,37222","0,61692","0,08504","0,30556","67.0","189.0","501.0","113.0","81,66491"
"SYNCOPE","NaiveBayes","5","BEST FIRST","UNDERSAMPLING","NO","0,57143","0,11111","0,42717","0,12726","0,31285","20.0","15.0","675.0","160.0","81,66491"
"SYNCOPE","IBk","5","BEST FIRST","UNDERSAMPLING","NO","0,22353","0,52778","0,53883","0,03294","0,25698","95.0","330.0","360.0","85.0","81,66491"
"SYNCOPE","RandomForest","5","BEST FIRST","OVERSAMPLING","NO","0,23457","0,10556","0,56475","0,01971","0,19553","19.0","62.0","628.0","161.0","81,66491"
"SYNCOPE","NaiveBayes","5","BEST FIRST","OVERSAMPLING","NO","0,5098","0,14444","0,4654","0,1472","0,3","26.0","25.0","665.0","154.0","81,66491"
"SYNCOPE","IBk","5","BEST FIRST","OVERSAMPLING","NO","0,20513","0,08889","0,63979","-0,00122","0,28889","16.0","62.0","628.0","164.0","81,66491"
"SYNCOPE","RandomForest","5","BEST FIRST","NO","SENSITIVE_LEARNING","0,40909","0,1","0,57263","0,08646","0,2067","18.0","26.0","664.0","162.0","81,66491"
"SYNCOPE","NaiveBayes","5","BEST FIRST","NO","SENSITIVE_LEARNING","0,59375","0,10556","0,47585","0,12457","0,20556","19.0","13.0","677.0","161.0","81,66491"
"SYNCOPE","IBk","5","BEST FIRST","NO","SENSITIVE_LEARNING","0,21053","0,04444","0,65521","0,00136","0,27222","8.0","30.0","660.0","172.0","81,66491"
"SYNCOPE","RandomForest","6","NO","NO","NO","0,31111","0,11864","0,62962","0,08975","0,21186","14.0","31.0","574.0","104.0","86,77762"
"SYNCOPE","NaiveBayes","6","NO","NO","NO","0,42466","0,26271","0,60628","0,22834","0,35043","31.0","42.0","563.0","87.0","86,77762"
"SYNCOPE","IBk","6","NO","NO","NO","0,3375","0,22881","0,63156","0,16224","0,21186","27.0","53.0","552.0","91.0","86,77762"
"SYNCOPE","RandomForest","6","BEST FIRST","NO","NO","0,425","0,14407","0,67047","0,14449","0,23729","17.0","23.0","582.0","101.0","86,77762"
"SYNCOPE","NaiveBayes","6","BEST FIRST","NO","NO","0,62963","0,14407","0,5623","0,18494","0,20513","17.0","10.0","595.0","101.0","86,77762"
"SYNCOPE","IBk","6","BEST FIRST","NO","NO","0,30435","0,17797","0,66216","0,11842","0,19492","21.0","48.0","557.0","97.0","86,77762"
"SYNCOPE","RandomForest","6","BEST FIRST","UNDERSAMPLING","NO","0,24615","0,67797","0,69659","0,16002","0,30508","80.0","245.0","360.0","38.0","86,77762"
"SYNCOPE","NaiveBayes","6","BEST FIRST","UNDERSAMPLING","NO","0,45312","0,24576","0,63573","0,23034","0,22881","29.0","35.0","570.0","89.0","86,77762"
"SYNCOPE","IBk","6","BEST FIRST","UNDERSAMPLING","NO","0,24194","0,63559","0,6402","0,14935","0,31624","75.0","235.0","370.0","43.0","86,77762"
"SYNCOPE","RandomForest","6","BEST FIRST","OVERSAMPLING","NO","0,26724","0,26271","0,6714","0,12306","0,33898","31.0","85.0","520.0","87.0","86,77762"
"SYNCOPE","NaiveBayes","6","BEST FIRST","OVERSAMPLING","NO","0,38961","0,25424","0,56032","0,20526","0,34188","30.0","47.0","558.0","88.0","86,77762"
"SYNCOPE","IBk","6","BEST FIRST","OVERSAMPLING","NO","0,26984","0,28814","0,66911","0,13246","0,28205","34.0","92.0","513.0","84.0","86,77762"
"SYNCOPE","RandomForest","6","BEST FIRST","NO","SENSITIVE_LEARNING","0,31183","0,24576","0,67744","0,15303","0,33051","29.0","64.0","541.0","89.0","86,77762"
"SYNCOPE","NaiveBayes","6","BEST FIRST","NO","SENSITIVE_LEARNING","0,4058","0,23729","0,5623","0,20354","0,34188","28.0","41.0","564.0","90.0","86,77762"
"SYNCOPE","IBk","6","BEST FIRST","NO","SENSITIVE_LEARNING","0,24706","0,17797","0,66216","0,08134","0,25424","21.0","64.0","541.0","97.0","86,77762"
"SYNCOPE","RandomForest","7","NO","NO","NO","0,3913","0,14286","0,66117","0,17104","0,22222","9.0","14.0","653.0","54.0","88,22201"
"SYNCOPE","NaiveBayes","7","NO","NO","NO","0,25758","0,26984","0,70305","0,19223","0,28571","17.0","49.0","618.0","46.0","88,22201"
"SYNCOPE","IBk","7","NO","NO","NO","0,29268","0,19048","0,64552","0,1746","0,25397","12.0","29.0","638.0","51.0","88,22201"
"SYNCOPE","RandomForest","7","BEST FIRST","NO","NO","0,36364","0,12698","0,62089","0,15027","0,28571","8.0","14.0","653.0","55.0","88,22201"
"SYNCOPE","NaiveBayes","7","BEST FIRST","NO","NO","0,3871","0,19048","0,65361","0,21037","0,20635","12.0","19.0","648.0","51.0","88,22201"
"SYNCOPE","IBk","7","BEST FIRST","NO","NO","0,34483","0,15873","0,59989","0,17236","0,28571","10.0","19.0","648.0","53.0","88,22201"
"SYNCOPE","RandomForest","7","BEST FIRST","UNDERSAMPLING","NO","0,14344","0,55556","0,63654","0,10527","0,26984","35.0","209.0","458.0","28.0","88,22201"
"SYNCOPE","NaiveBayes","7","BEST FIRST","UNDERSAMPLING","NO","0,15695","0,55556","0,65275","0,12731","0,30159","35.0","188.0","479.0","28.0","88,22201"
"SYNCOPE","IBk","7","BEST FIRST","UNDERSAMPLING","NO","0,12153","0,55556","0,58702","0,06735","0,2381","35.0","253.0","414.0","28.0","88,22201"
"SYNCOPE","RandomForest","7","BEST FIRST","OVERSAMPLING","NO","0,16541","0,34921","0,60066","0,12161","0,28571","22.0","111.0","556.0","41.0","88,22201"
"SYNCOPE","NaiveBayes","7","BEST FIRST","OVERSAMPLING","NO","0,25263","0,38095","0,65585","0,22318","0,30645","24.0","71.0","596.0","39.0","88,22201"
"SYNCOPE","IBk","7","BEST FIRST","OVERSAMPLING","NO","0,14685","0,33333","0,6124","0,09551","0,2381","21.0","122.0","545.0","42.0","88,22201"
"SYNCOPE","RandomForest","7","BEST FIRST","NO","SENSITIVE_LEARNING","0,17273","0,30159","0,61674","0,12345","0,30159","19.0","91.0","576.0","44.0","88,22201"
"SYNCOPE","NaiveBayes","7","BEST FIRST","NO","SENSITIVE_LEARNING","0,27632","0,33333","0,65361","0,22944","0,30645","21.0","55.0","612.0","42.0","88,22201"
"SYNCOPE","IBk","7","BEST FIRST","NO","SENSITIVE_LEARNING","0,16832","0,26984","0,5998","0,11303","0,28571","17.0","84.0","583.0","46.0","88,22201"
"SYNCOPE","RandomForest","8","NO","NO","NO","0","0","0,53132","-0,00534","0,20455","0.0","2.0","646.0","89.0","89,37275"
"SYNCOPE","NaiveBayes","8","NO","NO","NO","0","0","0,24172","-0,00269","0,22472","0.0","1.0","647.0","89.0","89,37275"
"SYNCOPE","IBk","8","NO","NO","NO","0","0","0,67869","-0,02268","0,23864","0.0","9.0","639.0","89.0","89,37275"
"SYNCOPE","RandomForest","8","BEST FIRST","NO","NO","0,33333","0,04494","0,59378","0,052","0,25","4.0","8.0","640.0","85.0","89,37275"
"SYNCOPE","NaiveBayes","8","BEST FIRST","NO","NO","0,53125","0,19101","0,69","0,23193","0,20225","17.0","15.0","633.0","72.0","89,37275"
"SYNCOPE","IBk","8","BEST FIRST","NO","NO","0,48","0,13483","0,62473","0,16637","0,25843","12.0","13.0","635.0","77.0","89,37275"
"SYNCOPE","RandomForest","8","BEST FIRST","UNDERSAMPLING","NO","0,18807","0,46067","0,65892","0,11539","0,23596","41.0","177.0","471.0","48.0","89,37275"
"SYNCOPE","NaiveBayes","8","BEST FIRST","UNDERSAMPLING","NO","0,36275","0,41573","0,69123","0,29673","0,23864","37.0","65.0","583.0","52.0","89,37275"
"SYNCOPE","IBk","8","BEST FIRST","UNDERSAMPLING","NO","0,17778","0,53933","0,64649","0,1048","0,25843","48.0","222.0","426.0","41.0","89,37275"
"SYNCOPE","RandomForest","8","BEST FIRST","OVERSAMPLING","NO","0,19014","0,30337","0,56885","0,10017","0,27273","27.0","115.0","533.0","62.0","89,37275"
"SYNCOPE","NaiveBayes","8","BEST FIRST","OVERSAMPLING","NO","0,35185","0,42697","0,6874","0,29205","0,23864","38.0","70.0","578.0","51.0","89,37275"
"SYNCOPE","IBk","8","BEST FIRST","OVERSAMPLING","NO","0,2027","0,33708","0,62834","0,12052","0,2809","30.0","118.0","530.0","59.0","89,37275"
"SYNCOPE","RandomForest","8","BEST FIRST","NO","SENSITIVE_LEARNING","0,2","0,29213","0,58403","0,10982","0,29545","26.0","104.0","544.0","63.0","89,37275"
"SYNCOPE","NaiveBayes","8","BEST FIRST","NO","SENSITIVE_LEARNING","0,40244","0,37079","0,69","0,30553","0,23864","33.0","49.0","599.0","56.0","89,37275"
"SYNCOPE","IBk","8","BEST FIRST","NO","SENSITIVE_LEARNING","0,21094","0,30337","0,62492","0,12406","0,30337","27.0","101.0","547.0","62.0","89,37275"
"SYNCOPE","RandomForest","9","NO","NO","NO","0,27778","0,06098","0,61775","0,06239","0,2963","5.0","13.0","641.0","77.0","90,40542"
"SYNCOPE","NaiveBayes","9","NO","NO","NO","0,65","0,15854","0,70291","0,22086","0,17073","13.0","7.0","647.0","69.0","90,40542"
"SYNCOPE","IBk","9","NO","NO","NO","0,34615","0,10976","0,66959","0,11943","0,29268","9.0","17.0","637.0","73.0","90,40542"
"SYNCOPE","RandomForest","9","BEST FIRST","NO","NO","0,41176","0,08537","0,62006","0,10725","0,29268","7.0","10.0","644.0","75.0","90,40542"
"SYNCOPE","NaiveBayes","9","BEST FIRST","NO","NO","0,57692","0,18293","0,70583","0,23684","0,18293","15.0","11.0","643.0","67.0","90,40542"
"SYNCOPE","IBk","9","BEST FIRST","NO","NO","0,41667","0,12195","0,67313","0,14557","0,30488","10.0","14.0","640.0","72.0","90,40542"
"SYNCOPE","RandomForest","9","BEST FIRST","UNDERSAMPLING","NO","0,2449","0,58537","0,71659","0,2233","0,35366","48.0","148.0","506.0","34.0","90,40542"
"SYNCOPE","NaiveBayes","9","BEST FIRST","UNDERSAMPLING","NO","0,46154","0,29268","0,67872","0,29746","0,24691","24.0","28.0","626.0","58.0","90,40542"
"SYNCOPE","IBk","9","BEST FIRST","UNDERSAMPLING","NO","0,22018","0,58537","0,69616","0,18862","0,34146","48.0","170.0","484.0","34.0","90,40542"
"SYNCOPE","RandomForest","9","BEST FIRST","OVERSAMPLING","NO","0,19697","0,31707","0,61126","0,12236","0,37037","26.0","106.0","548.0","56.0","90,40542"
"SYNCOPE","NaiveBayes","9","BEST FIRST","OVERSAMPLING","NO","0,4386","0,30488","0,70325","0,29532","0,17284","25.0","32.0","622.0","57.0","90,40542"
"SYNCOPE","IBk","9","BEST FIRST","OVERSAMPLING","NO","0,20149","0,32927","0,67207","0,12969","0,34568","27.0","107.0","547.0","55.0","90,40542"
"SYNCOPE","RandomForest","9","BEST FIRST","NO","SENSITIVE_LEARNING","0,20833","0,2439","0,62504","0,11882","0,35366","20.0","76.0","578.0","62.0","90,40542"
"SYNCOPE","NaiveBayes","9","BEST FIRST","NO","SENSITIVE_LEARNING","0,46","0,28049","0,70583","0,28843","0,19753","23.0","27.0","627.0","59.0","90,40542"
"SYNCOPE","IBk","9","BEST FIRST","NO","SENSITIVE_LEARNING","0,21649","0,2561","0,67295","0,12953","0,34146","21.0","76.0","578.0","61.0","90,40542"
"SYNCOPE","RandomForest","10","NO","NO","NO","0,77778","0,17722","0,81463","0,25915","0,44304","14.0","4.0","653.0","65.0","91,24539"
"SYNCOPE","NaiveBayes","10","NO","NO","NO","0,54545","0,1519","0,7067","0,20023","0,17722","12.0","10.0","647.0","67.0","91,24539"
"SYNCOPE","IBk","10","NO","NO","NO","0,58621","0,21519","0,83265","0,2729","0,40506","17.0","12.0","645.0","62.0","91,24539"
"SYNCOPE","RandomForest","10","BEST FIRST","NO","NO","0,66667","0,20253","0,8068","0,27438","0,40506","16.0","8.0","649.0","63.0","91,24539"
"SYNCOPE","NaiveBayes","10","BEST FIRST","NO","NO","0,5","0,21519","0,70672","0,25261","0,21519","17.0","17.0","640.0","62.0","91,24539"
"SYNCOPE","IBk","10","BEST FIRST","NO","NO","0,54545","0,22785","0,83319","0,27561","0,39241","18.0","15.0","642.0","61.0","91,24539"
"SYNCOPE","RandomForest","10","BEST FIRST","UNDERSAMPLING","NO","0,23346","0,75949","0,80754","0,23085","0,36709","60.0","197.0","460.0","19.0","91,24539"
"SYNCOPE","NaiveBayes","10","BEST FIRST","UNDERSAMPLING","NO","0,43077","0,35443","0,70409","0,32332","0,24359","28.0","37.0","620.0","51.0","91,24539"
"SYNCOPE","IBk","10","BEST FIRST","UNDERSAMPLING","NO","0,21555","0,77215","0,77071","0,20331","0,32051","61.0","222.0","435.0","18.0","91,24539"
"SYNCOPE","RandomForest","10","BEST FIRST","OVERSAMPLING","NO","0,30588","0,65823","0,81168","0,31766","0,4557","52.0","118.0","539.0","27.0","91,24539"
"SYNCOPE","NaiveBayes","10","BEST FIRST","OVERSAMPLING","NO","0,32381","0,43038","0,70808","0,28155","0,24359","34.0","71.0","586.0","45.0","91,24539"
"SYNCOPE","IBk","10","BEST FIRST","OVERSAMPLING","NO","0,29379","0,65823","0,8255","0,30276","0,4557","52.0","125.0","532.0","27.0","91,24539"
"SYNCOPE","RandomForest","10","BEST FIRST","NO","SENSITIVE_LEARNING","0,32468","0,63291","0,81757","0,3348","0,41772","50.0","104.0","553.0","29.0","91,24539"
"SYNCOPE","NaiveBayes","10","BEST FIRST","NO","SENSITIVE_LEARNING","0,375","0,41772","0,70672","0,31807","0,24359","33.0","55.0","602.0","46.0","91,24539"
"SYNCOPE","IBk","10","BEST FIRST","NO","SENSITIVE_LEARNING","0,33333","0,63291","0,83283","0,34451","0,44304","50.0","100.0","557.0","29.0","91,24539"
"SYNCOPE","RandomForest","11","NO","NO","NO","0,56","0,2029","0,82072","0,26123","0,47826","14.0","11.0","660.0","55.0","91,90992"
"SYNCOPE","NaiveBayes","11","NO","NO","NO","0,45833","0,15942","0,63806","0,19796","0,15942","11.0","13.0","658.0","58.0","91,90992"
"SYNCOPE","IBk","11","NO","NO","NO","0,41667","0,28986","0,83853","0,28736","0,49275","20.0","28.0","643.0","49.0","91,90992"
"SYNCOPE","RandomForest","11","BEST FIRST","NO","NO","0,73913","0,24638","0,85765","0,33874","0,56522","17.0","6.0","665.0","52.0","91,90992"
"SYNCOPE","NaiveBayes","11","BEST FIRST","NO","NO","0,4375","0,2029","0,65105","0,23184","0,2029","14.0","18.0","653.0","55.0","91,90992"
"SYNCOPE","IBk","11","BEST FIRST","NO","NO","0,73913","0,24638","0,8609","0,33874","0,56522","17.0","6.0","665.0","52.0","91,90992"
"SYNCOPE","RandomForest","11","BEST FIRST","UNDERSAMPLING","NO","0,19557","0,76812","0,80961","0,1916","0,4058","53.0","218.0","453.0","16.0","91,90992"
"SYNCOPE","NaiveBayes","11","BEST FIRST","UNDERSAMPLING","NO","0,28169","0,28986","0,67416","0,2111","0,29412","20.0","51.0","620.0","49.0","91,90992"
"SYNCOPE","IBk","11","BEST FIRST","UNDERSAMPLING","NO","0,19217","0,78261","0,81574","0,18682","0,4058","54.0","227.0","444.0","15.0","91,90992"
"SYNCOPE","RandomForest","11","BEST FIRST","OVERSAMPLING","NO","0,24775","0,7971","0,85299","0,27484","0,46377","55.0","167.0","504.0","14.0","91,90992"
"SYNCOPE","NaiveBayes","11","BEST FIRST","OVERSAMPLING","NO","0,27273","0,30435","0,65625","0,20997","0,29412","21.0","56.0","615.0","48.0","91,90992"
"SYNCOPE","IBk","11","BEST FIRST","OVERSAMPLING","NO","0,25229","0,7971","0,85667","0,2815","0,46377","55.0","163.0","508.0","14.0","91,90992"
"SYNCOPE","RandomForest","11","BEST FIRST","NO","SENSITIVE_LEARNING","0,24887","0,7971","0,85879","0,27649","0,47826","55.0","166.0","505.0","14.0","91,90992"
"SYNCOPE","NaiveBayes","11","BEST FIRST","NO","SENSITIVE_LEARNING","0,27778","0,28986","0,65105","0,2083","0,29412","20.0","52.0","619.0","49.0","91,90992"
"SYNCOPE","IBk","11","BEST FIRST","NO","SENSITIVE_LEARNING","0,24887","0,7971","0,86126","0,27649","0,47826","55.0","166.0","505.0","14.0","91,90992"
"SYNCOPE","RandomForest","12","NO","NO","NO","0,7037","0,17273","0,74322","0,23265","0,42727","19.0","8.0","626.0","91.0","92,47801"
"SYNCOPE","NaiveBayes","12","NO","NO","NO","0,57692","0,13636","0,57065","0,17389","0,12727","15.0","11.0","623.0","95.0","92,47801"
"SYNCOPE","IBk","12","NO","NO","NO","0,66667","0,18182","0,73907","0,23739","0,44545","20.0","10.0","624.0","90.0","92,47801"
"SYNCOPE","RandomForest","12","BEST FIRST","NO","NO","0,70833","0,15455","0,72638","0,212","0,42727","17.0","7.0","627.0","93.0","92,47801"
"SYNCOPE","NaiveBayes","12","BEST FIRST","NO","NO","0,45455","0,13636","0,57101","0,15192","0,17273","15.0","18.0","616.0","95.0","92,47801"
"SYNCOPE","IBk","12","BEST FIRST","NO","NO","0,66667","0,18182","0,71641","0,23739","0,42727","20.0","10.0","624.0","90.0","92,47801"
"SYNCOPE","RandomForest","12","BEST FIRST","UNDERSAMPLING","NO","0,28279","0,62727","0,72277","0,23363","0,41818","69.0","175.0","459.0","41.0","92,47801"
"SYNCOPE","NaiveBayes","12","BEST FIRST","UNDERSAMPLING","NO","0,31507","0,20909","0,56787","0,15125","0,41284","23.0","50.0","584.0","87.0","92,47801"
"SYNCOPE","IBk","12","BEST FIRST","UNDERSAMPLING","NO","0,27148","0,71818","0,7183","0,22845","0,42727","79.0","212.0","422.0","31.0","92,47801"
"SYNCOPE","RandomForest","12","BEST FIRST","OVERSAMPLING","NO","0,28889","0,59091","0,71659","0,23641","0,43636","65.0","160.0","474.0","45.0","92,47801"
"SYNCOPE","NaiveBayes","12","BEST FIRST","OVERSAMPLING","NO","0,31707","0,23636","0,57137","0,16544","0,41284","26.0","56.0","578.0","84.0","92,47801"
"SYNCOPE","IBk","12","BEST FIRST","OVERSAMPLING","NO","0,28634","0,59091","0,7143","0,23298","0,43636","65.0","162.0","472.0","45.0","92,47801"
"SYNCOPE","RandomForest","12","BEST FIRST","NO","SENSITIVE_LEARNING","0,3","0,6","0,72379","0,25268","0,45455","66.0","154.0","480.0","44.0","92,47801"
"SYNCOPE","NaiveBayes","12","BEST FIRST","NO","SENSITIVE_LEARNING","0,31081","0,20909","0,57101","0,14877","0,41284","23.0","51.0","583.0","87.0","92,47801"
"SYNCOPE","IBk","12","BEST FIRST","NO","SENSITIVE_LEARNING","0,29596","0,6","0,71658","0,24736","0,45455","66.0","157.0","477.0","44.0","92,47801"
"SYNCOPE","RandomForest","13","NO","NO","NO","0,48387","0,1875","0,75534","0,22574","0,375","15.0","16.0","681.0","65.0","92,71654"
"SYNCOPE","NaiveBayes","13","NO","NO","NO","0,48387","0,1875","0,7234","0,22574","0,1875","15.0","16.0","681.0","65.0","92,71654"
"SYNCOPE","IBk","13","NO","NO","NO","0,29412","0,25","0,6423","0,19401","0,4","20.0","48.0","649.0","60.0","92,71654"
"SYNCOPE","RandomForest","13","BEST FIRST","NO","NO","0,72727","0,2","0,71693","0,28183","0,4557","16.0","6.0","691.0","64.0","92,71654"
"SYNCOPE","NaiveBayes","13","BEST FIRST","NO","NO","0,54286","0,2375","0,69815","0,28567","0,2625","19.0","16.0","681.0","61.0","92,71654"
"SYNCOPE","IBk","13","BEST FIRST","NO","NO","0,64286","0,225","0,72","0,29573","0,46835","18.0","10.0","687.0","62.0","92,71654"
"SYNCOPE","RandomForest","13","BEST FIRST","UNDERSAMPLING","NO","0,20144","0,7","0,76703","0,18206","0,39241","56.0","222.0","475.0","24.0","92,71654"
"SYNCOPE","NaiveBayes","13","BEST FIRST","UNDERSAMPLING","NO","0,39241","0,3875","0,70411","0,32041","0,27848","31.0","48.0","649.0","49.0","92,71654"
"SYNCOPE","IBk","13","BEST FIRST","UNDERSAMPLING","NO","0,2","0,7375","0,72685","0,18219","0,3875","59.0","236.0","461.0","21.0","92,71654"
"SYNCOPE","RandomForest","13","BEST FIRST","OVERSAMPLING","NO","0,21311","0,65","0,71671","0,19636","0,375","52.0","192.0","505.0","28.0","92,71654"
"SYNCOPE","NaiveBayes","13","BEST FIRST","OVERSAMPLING","NO","0,39744","0,3875","0,70332","0,32365","0,27848","31.0","47.0","650.0","49.0","92,71654"
"SYNCOPE","IBk","13","BEST FIRST","OVERSAMPLING","NO","0,21138","0,65","0,72021","0,19373","0,375","52.0","194.0","503.0","28.0","92,71654"
"SYNCOPE","RandomForest","13","BEST FIRST","NO","SENSITIVE_LEARNING","0,21519","0,6375","0,71642","0,19835","0,3875","51.0","186.0","511.0","29.0","92,71654"
"SYNCOPE","NaiveBayes","13","BEST FIRST","NO","SENSITIVE_LEARNING","0,39241","0,3875","0,69815","0,32041","0,27848","31.0","48.0","649.0","49.0","92,71654"
"SYNCOPE","IBk","13","BEST FIRST","NO","SENSITIVE_LEARNING","0,21339","0,6375","0,71968","0,19566","0,39241","51.0","188.0","509.0","29.0","92,71654"
"SYNCOPE","RandomForest","14","NO","NO","NO","0,42857","0,09","0,82489","0,11291","0,32","9.0","12.0","747.0","91.0","92,54793"
"SYNCOPE","NaiveBayes","14","NO","NO","NO","0,43182","0,19","0,74152","0,20751","0,17172","19.0","25.0","734.0","81.0","92,54793"
"SYNCOPE","IBk","14","NO","NO","NO","0,3871","0,24","0,60329","0,22746","0,29","24.0","38.0","721.0","76.0","92,54793"
"SYNCOPE","RandomForest","14","BEST FIRST","NO","NO","0,62963","0,17","0,77704","0,22958","0,42424","17.0","10.0","749.0","83.0","92,54793"
"SYNCOPE","NaiveBayes","14","BEST FIRST","NO","NO","0,60526","0,23","0,74381","0,28766","0,22","23.0","15.0","744.0","77.0","92,54793"
"SYNCOPE","IBk","14","BEST FIRST","NO","NO","0,64286","0,18","0,77063","0,24268","0,42","18.0","10.0","749.0","82.0","92,54793"
"SYNCOPE","RandomForest","14","BEST FIRST","UNDERSAMPLING","NO","0,26429","0,74","0,79661","0,26304","0,32","74.0","206.0","553.0","26.0","92,54793"
"SYNCOPE","NaiveBayes","14","BEST FIRST","UNDERSAMPLING","NO","0,48387","0,45","0,74806","0,39888","0,20202","45.0","48.0","711.0","55.0","92,54793"
"SYNCOPE","IBk","14","BEST FIRST","UNDERSAMPLING","NO","0,25497","0,77","0,78771","0,2523","0,31313","77.0","225.0","534.0","23.0","92,54793"
"SYNCOPE","RandomForest","14","BEST FIRST","OVERSAMPLING","NO","0,26642","0,73","0,77847","0,265","0,35354","73.0","201.0","558.0","27.0","92,54793"
"SYNCOPE","NaiveBayes","14","BEST FIRST","OVERSAMPLING","NO","0,48387","0,45","0,74458","0,39888","0,20202","45.0","48.0","711.0","55.0","92,54793"
"SYNCOPE","IBk","14","BEST FIRST","OVERSAMPLING","NO","0,26642","0,73","0,78234","0,265","0,34343","73.0","201.0","558.0","27.0","92,54793"
"SYNCOPE","RandomForest","14","BEST FIRST","NO","SENSITIVE_LEARNING","0,26792","0,71","0,77716","0,26476","0,34343","71.0","194.0","565.0","29.0","92,54793"
"SYNCOPE","NaiveBayes","14","BEST FIRST","NO","SENSITIVE_LEARNING","0,47126","0,41","0,74381","0,37029","0,20202","41.0","46.0","713.0","59.0","92,54793"
"SYNCOPE","IBk","14","BEST FIRST","NO","SENSITIVE_LEARNING","0,28395","0,69","0,76977","0,28427","0,34","69.0","174.0","585.0","31.0","92,54793"
"SYNCOPE","RandomForest","15","NO","NO","NO","0,29167","0,16667","0,79815","0,18497","0,28571","7.0","17.0","858.0","35.0","92,63099"
"SYNCOPE","NaiveBayes","15","NO","NO","NO","0,35714","0,35714","0,83253","0,32629","0,35714","15.0","27.0","848.0","27.0","92,63099"
"SYNCOPE","IBk","15","NO","NO","NO","0,19643","0,2619","0,56986","0,18165","0,2619","11.0","45.0","830.0","31.0","92,63099"
"SYNCOPE","RandomForest","15","BEST FIRST","NO","NO","0,21739","0,11905","0,6757","0,1255","0,19048","5.0","18.0","857.0","37.0","92,63099"
"SYNCOPE","NaiveBayes","15","BEST FIRST","NO","NO","0,30769","0,28571","0,72346","0,26383","0,2381","12.0","27.0","848.0","30.0","92,63099"
"SYNCOPE","IBk","15","BEST FIRST","NO","NO","0,24","0,14286","0,62128","0,15005","0,21429","6.0","19.0","856.0","36.0","92,63099"
"SYNCOPE","RandomForest","15","BEST FIRST","UNDERSAMPLING","NO","0,08462","0,52381","0,69121","0,07255","0,16667","22.0","238.0","637.0","20.0","92,63099"
"SYNCOPE","NaiveBayes","15","BEST FIRST","UNDERSAMPLING","NO","0,23958","0,54762","0,72083","0,28796","0,21429","23.0","73.0","802.0","19.0","92,63099"
"SYNCOPE","IBk","15","BEST FIRST","UNDERSAMPLING","NO","0,08814","0,61905","0,65442","0,08058","0,16667","26.0","269.0","606.0","16.0","92,63099"
"SYNCOPE","RandomForest","15","BEST FIRST","OVERSAMPLING","NO","0,08051","0,45238","0,61259","0,0639","0,16667","19.0","217.0","658.0","23.0","92,63099"
"SYNCOPE","NaiveBayes","15","BEST FIRST","OVERSAMPLING","NO","0,23958","0,54762","0,72691","0,28796","0,21429","23.0","73.0","802.0","19.0","92,63099"
"SYNCOPE","IBk","15","BEST FIRST","OVERSAMPLING","NO","0,08444","0,45238","0,61566","0,07058","0,16667","19.0","206.0","669.0","23.0","92,63099"
"SYNCOPE","RandomForest","15","BEST FIRST","NO","SENSITIVE_LEARNING","0,09502","0,5","0,66867","0,08962","0,16667","21.0","200.0","675.0","21.0","92,63099"
"SYNCOPE","NaiveBayes","15","BEST FIRST","NO","SENSITIVE_LEARNING","0,23958","0,54762","0,72346","0,28796","0,21429","23.0","73.0","802.0","19.0","92,63099"
"SYNCOPE","IBk","15","BEST FIRST","NO","SENSITIVE_LEARNING","0,0913","0,5","0,6208","0,08341","0,16667","21.0","209.0","666.0","21.0","92,63099"
"SYNCOPE","RandomForest","16","NO","NO","NO","0,20833","0,07937","0,57618","0,07979","0,26984","5.0","19.0","828.0","58.0","93,18556"
"SYNCOPE","NaiveBayes","16","NO","NO","NO","0,36364","0,12698","0,62779","0,15806","0,1746","8.0","14.0","833.0","55.0","93,18556"
"SYNCOPE","IBk","16","NO","NO","NO","0,20588","0,11111","0,54992","0,10068","0,25397","7.0","27.0","820.0","56.0","93,18556"
"SYNCOPE","RandomForest","16","BEST FIRST","NO","NO","0,44444","0,12698","0,67042","0,17206","0,26984","8.0","10.0","837.0","55.0","93,18556"
"SYNCOPE","NaiveBayes","16","BEST FIRST","NO","NO","0,33333","0,22222","0,63052","0,22367","0,19048","14.0","28.0","819.0","49.0","93,18556"
"SYNCOPE","IBk","16","BEST FIRST","NO","NO","0,3913","0,14286","0,65328","0,1789","0,28571","9.0","14.0","833.0","54.0","93,18556"
"SYNCOPE","RandomForest","16","BEST FIRST","UNDERSAMPLING","NO","0,13235","0,57143","0,70098","0,11549","0,30159","36.0","236.0","611.0","27.0","93,18556"
"SYNCOPE","NaiveBayes","16","BEST FIRST","UNDERSAMPLING","NO","0,24719","0,34921","0,64723","0,22679","0,33333","22.0","67.0","780.0","41.0","93,18556"
"SYNCOPE","IBk","16","BEST FIRST","UNDERSAMPLING","NO","0,14138","0,65079","0,69543","0,13376","0,30159","41.0","249.0","598.0","22.0","93,18556"
"SYNCOPE","RandomForest","16","BEST FIRST","OVERSAMPLING","NO","0,15179","0,53968","0,66633","0,14448","0,31746","34.0","190.0","657.0","29.0","93,18556"
"SYNCOPE","NaiveBayes","16","BEST FIRST","OVERSAMPLING","NO","0,24468","0,36508","0,63697","0,22908","0,33333","23.0","71.0","776.0","40.0","93,18556"
"SYNCOPE","IBk","16","BEST FIRST","OVERSAMPLING","NO","0,16432","0,55556","0,6662","0,16433","0,31746","35.0","178.0","669.0","28.0","93,18556"
"SYNCOPE","RandomForest","16","BEST FIRST","NO","SENSITIVE_LEARNING","0,16279","0,55556","0,67326","0,16207","0,30159","35.0","180.0","667.0","28.0","93,18556"
"SYNCOPE","NaiveBayes","16","BEST FIRST","NO","SENSITIVE_LEARNING","0,25","0,36508","0,63052","0,23381","0,33333","23.0","69.0","778.0","40.0","93,18556"
"SYNCOPE","IBk","16","BEST FIRST","NO","SENSITIVE_LEARNING","0,16038","0,53968","0,65315","0,15732","0,28571","34.0","178.0","669.0","29.0","93,18556"
"SYNCOPE","RandomForest","17","NO","NO","NO","0,07143","0,08","0,70995","0,05028","0,28","2.0","26.0","945.0","23.0","93,05923"
"SYNCOPE","NaiveBayes","17","NO","NO","NO","0,16667","0,32","0,77975","0,19252","0,28","8.0","40.0","931.0","17.0","93,05923"
"SYNCOPE","IBk","17","NO","NO","NO","0,05263","0,12","0,48117","0,03966","0,2","3.0","54.0","917.0","22.0","93,05923"
"SYNCOPE","RandomForest","17","BEST FIRST","NO","NO","0,17647","0,12","0,718","0,12508","0,44","3.0","14.0","957.0","22.0","93,05923"
"SYNCOPE","NaiveBayes","17","BEST FIRST","NO","NO","0,15556","0,28","0,62682","0,17332","0,2","7.0","38.0","933.0","18.0","93,05923"
"SYNCOPE","IBk","17","BEST FIRST","NO","NO","0,13636","0,12","0,71621","0,10667","0,44","3.0","19.0","952.0","22.0","93,05923"
"SYNCOPE","RandomForest","17","BEST FIRST","UNDERSAMPLING","NO","0,06122","0,72","0,7786","0,06982","0,32","18.0","276.0","695.0","7.0","93,05923"
"SYNCOPE","NaiveBayes","17","BEST FIRST","UNDERSAMPLING","NO","0,10101","0,4","0,63007","0,12627","0,28","10.0","89.0","882.0","15.0","93,05923"
"SYNCOPE","IBk","17","BEST FIRST","UNDERSAMPLING","NO","0,0607","0,76","0,80377","0,06915","0,32","19.0","294.0","677.0","6.0","93,05923"
"SYNCOPE","RandomForest","17","BEST FIRST","OVERSAMPLING","NO","0,05385","0,56","0,69234","0,05497","0,32","14.0","246.0","725.0","11.0","93,05923"
"SYNCOPE","NaiveBayes","17","BEST FIRST","OVERSAMPLING","NO","0,10204","0,4","0,61106","0,12771","0,28","10.0","88.0","883.0","15.0","93,05923"
"SYNCOPE","IBk","17","BEST FIRST","OVERSAMPLING","NO","0,05344","0,56","0,69868","0,05422","0,32","14.0","248.0","723.0","11.0","93,05923"
"SYNCOPE","RandomForest","17","BEST FIRST","NO","SENSITIVE_LEARNING","0,05882","0,6","0,72721","0,06437","0,36","15.0","240.0","731.0","10.0","93,05923"
"SYNCOPE","NaiveBayes","17","BEST FIRST","NO","SENSITIVE_LEARNING","0,10309","0,4","0,62682","0,12918","0,28","10.0","87.0","884.0","15.0","93,05923"
"SYNCOPE","IBk","17","BEST FIRST","NO","SENSITIVE_LEARNING","0,06","0,6","0,71658","0,06649","0,36","15.0","235.0","736.0","10.0","93,05923"
"SYNCOPE","RandomForest","18","NO","NO","NO","0,14286","0,13793","0,76231","0,11527","0,27586","4.0","24.0","952.0","25.0","93,4549"
"SYNCOPE","NaiveBayes","18","NO","NO","NO","0,11111","0,34483","0,77938","0,1301","0,24138","10.0","80.0","896.0","19.0","93,4549"
"SYNCOPE","IBk","18","NO","NO","NO","0,125","0,2069","0,61113","0,12434","0,2069","6.0","42.0","934.0","23.0","93,4549"
"SYNCOPE","RandomForest","18","BEST FIRST","NO","NO","0,21875","0,24138","0,78867","0,20545","0,24138","7.0","25.0","951.0","22.0","93,4549"
"SYNCOPE","NaiveBayes","18","BEST FIRST","NO","NO","0,2","0,34483","0,81792","0,22485","0,24138","10.0","40.0","936.0","19.0","93,4549"
"SYNCOPE","IBk","18","BEST FIRST","NO","NO","0,21212","0,24138","0,7415","0,20127","0,24138","7.0","26.0","950.0","22.0","93,4549"
"SYNCOPE","RandomForest","18","BEST FIRST","UNDERSAMPLING","NO","0,07395","0,7931","0,79697","0,0871","0,2069","23.0","288.0","688.0","6.0","93,4549"
"SYNCOPE","NaiveBayes","18","BEST FIRST","UNDERSAMPLING","NO","0,13636","0,51724","0,82578","0,1783","0,10345","15.0","95.0","881.0","14.0","93,4549"
"SYNCOPE","IBk","18","BEST FIRST","UNDERSAMPLING","NO","0,06825","0,7931","0,79134","0,07662","0,13793","23.0","314.0","662.0","6.0","93,4549"
"SYNCOPE","RandomForest","18","BEST FIRST","OVERSAMPLING","NO","0,08772","0,86207","0,79522","0,11276","0,17241","25.0","260.0","716.0","4.0","93,4549"
"SYNCOPE","NaiveBayes","18","BEST FIRST","OVERSAMPLING","NO","0,13761","0,51724","0,82128","0,18001","0,10345","15.0","94.0","882.0","14.0","93,4549"
"SYNCOPE","IBk","18","BEST FIRST","OVERSAMPLING","NO","0,08602","0,82759","0,76835","0,10928","0,17241","24.0","255.0","721.0","5.0","93,4549"
"SYNCOPE","RandomForest","18","BEST FIRST","NO","SENSITIVE_LEARNING","0,092","0,7931","0,79271","0,11933","0,17241","23.0","227.0","749.0","6.0","93,4549"
"SYNCOPE","NaiveBayes","18","BEST FIRST","NO","SENSITIVE_LEARNING","0,15","0,51724","0,81792","0,19662","0,10345","15.0","85.0","891.0","14.0","93,4549"
"SYNCOPE","IBk","18","BEST FIRST","NO","SENSITIVE_LEARNING","0,08714","0,72414","0,74111","0,10969","0,17241","21.0","220.0","756.0","8.0","93,4549"
"SYNCOPE","RandomForest","19","NO","NO","NO","0,39286","0,21569","0,68398","0,25202","0,35294","11.0","17.0","954.0","40.0","93,75954"
"SYNCOPE","NaiveBayes","19","NO","NO","NO","0,25","0,15686","0,8028","0,16047","0,19608","8.0","24.0","947.0","43.0","93,75954"
"SYNCOPE","IBk","19","NO","NO","NO","0,31707","0,2549","0,58944","0,24922","0,29412","13.0","28.0","943.0","38.0","93,75954"
"SYNCOPE","RandomForest","19","BEST FIRST","NO","NO","0,375","0,23529","0,66041","0,26071","0,35294","12.0","20.0","951.0","39.0","93,75954"
"SYNCOPE","NaiveBayes","19","BEST FIRST","NO","NO","0,22449","0,21569","0,73965","0,17989","0,15686","11.0","38.0","933.0","40.0","93,75954"
"SYNCOPE","IBk","19","BEST FIRST","NO","NO","0,35294","0,23529","0,59344","0,25251","0,31373","12.0","22.0","949.0","39.0","93,75954"
"SYNCOPE","RandomForest","19","BEST FIRST","UNDERSAMPLING","NO","0,11075","0,66667","0,70782","0,11413","0,19608","34.0","273.0","698.0","17.0","93,75954"
"SYNCOPE","NaiveBayes","19","BEST FIRST","UNDERSAMPLING","NO","0,2233","0,45098","0,76688","0,24854","0,17647","23.0","80.0","891.0","28.0","93,75954"
"SYNCOPE","IBk","19","BEST FIRST","UNDERSAMPLING","NO","0,09668","0,62745","0,64849","0,08873","0,23529","32.0","299.0","672.0","19.0","93,75954"
"SYNCOPE","RandomForest","19","BEST FIRST","OVERSAMPLING","NO","0,14573","0,56863","0,63497","0,16572","0,23529","29.0","170.0","801.0","22.0","93,75954"
"SYNCOPE","NaiveBayes","19","BEST FIRST","OVERSAMPLING","NO","0,20175","0,45098","0,74257","0,22537","0,17647","23.0","91.0","880.0","28.0","93,75954"
"SYNCOPE","IBk","19","BEST FIRST","OVERSAMPLING","NO","0,13433","0,52941","0,60717","0,14633","0,23529","27.0","174.0","797.0","24.0","93,75954"
"SYNCOPE","RandomForest","19","BEST FIRST","NO","SENSITIVE_LEARNING","0,14917","0,52941","0,65134","0,16797","0,2549","27.0","154.0","817.0","24.0","93,75954"
"SYNCOPE","NaiveBayes","19","BEST FIRST","NO","SENSITIVE_LEARNING","0,23","0,45098","0,73965","0,25542","0,17647","23.0","77.0","894.0","28.0","93,75954"
"SYNCOPE","IBk","19","BEST FIRST","NO","SENSITIVE_LEARNING","0,13966","0,4902","0,59334","0,15148","0,23529","25.0","154.0","817.0","26.0","93,75954"
"SYNCOPE","RandomForest","20","NO","NO","NO","0,11111","0,08","0,77314","0,07417","0,32","2.0","16.0","987.0","23.0","94,09365"
"SYNCOPE","NaiveBayes","20","NO","NO","NO","0,12195","0,2","0,8463","0,12508","0,24","5.0","36.0","967.0","20.0","94,09365"
"SYNCOPE","IBk","20","NO","NO","NO","0,2069","0,24","0,66828","0,20136","0,32","6.0","23.0","980.0","19.0","94,09365"
"SYNCOPE","RandomForest","20","BEST FIRST","NO","NO","0,17241","0,2","0,74548","0,16333","0,32","5.0","24.0","979.0","20.0","94,09365"
"SYNCOPE","NaiveBayes","20","BEST FIRST","NO","NO","0,14583","0,28","0,81402","0,16508","0,16","7.0","41.0","962.0","18.0","94,09365"
"SYNCOPE","IBk","20","BEST FIRST","NO","NO","0,19444","0,28","0,68975","0,20674","0,36","7.0","29.0","974.0","18.0","94,09365"
"SYNCOPE","RandomForest","20","BEST FIRST","UNDERSAMPLING","NO","0,06597","0,76","0,83813","0,08024","0,24","19.0","269.0","734.0","6.0","94,09365"
"SYNCOPE","NaiveBayes","20","BEST FIRST","UNDERSAMPLING","NO","0,13043","0,6","0,84546","0,18159","0,08","15.0","100.0","903.0","10.0","94,09365"
"SYNCOPE","IBk","20","BEST FIRST","UNDERSAMPLING","NO","0,07023","0,84","0,81109","0,08873","0,24","21.0","278.0","725.0","4.0","94,09365"
"SYNCOPE","RandomForest","20","BEST FIRST","OVERSAMPLING","NO","0,07772","0,6","0,6947","0,09881","0,2","15.0","178.0","825.0","10.0","94,09365"
"SYNCOPE","NaiveBayes","20","BEST FIRST","OVERSAMPLING","NO","0,12397","0,6","0,80704","0,17211","0,04","15.0","106.0","897.0","10.0","94,09365"
"SYNCOPE","IBk","20","BEST FIRST","OVERSAMPLING","NO","0,07937","0,6","0,67609","0,10159","0,2","15.0","174.0","829.0","10.0","94,09365"
"SYNCOPE","RandomForest","20","BEST FIRST","NO","SENSITIVE_LEARNING","0,0977","0,68","0,74026","0,13403","0,28","17.0","157.0","846.0","8.0","94,09365"
"SYNCOPE","NaiveBayes","20","BEST FIRST","NO","SENSITIVE_LEARNING","0,14851","0,6","0,81402","0,20719","0,04","15.0","86.0","917.0","10.0","94,09365"
"SYNCOPE","IBk","20","BEST FIRST","NO","SENSITIVE_LEARNING","0,1","0,64","0,68947","0,13666","0,28","16.0","144.0","859.0","9.0","94,09365"
"SYNCOPE","RandomForest","21","NO","NO","NO","0,02273","0,07692","0,61625","0,02667","0,15385","1.0","43.0","2264.0","12.0","88,23828"
"SYNCOPE","NaiveBayes","21","NO","NO","NO","0,00685","0,15385","0,50335","0,00241","0","2.0","290.0","2017.0","11.0","88,23828"
"SYNCOPE","IBk","21","NO","NO","NO","0","0","0,44495","-0,00999","0,15385","0.0","98.0","2209.0","13.0","88,23828"
"SYNCOPE","RandomForest","21","BEST FIRST","NO","NO","0,02381","0,07692","0,61605","0,02805","0,38462","1.0","41.0","2266.0","12.0","88,23828"
"SYNCOPE","NaiveBayes","21","BEST FIRST","NO","NO","0,03488","0,23077","0,65225","0,05137","0,07692","3.0","83.0","2224.0","10.0","88,23828"
"SYNCOPE","IBk","21","BEST FIRST","NO","NO","0,02899","0,15385","0,50482","0,03972","0,23077","2.0","67.0","2240.0","11.0","88,23828"
"SYNCOPE","RandomForest","21","BEST FIRST","UNDERSAMPLING","NO","0,01198","0,61538","0,64283","0,01264","0,23077","8.0","660.0","1647.0","5.0","88,23828"
"SYNCOPE","NaiveBayes","21","BEST FIRST","UNDERSAMPLING","NO","0,02841","0,38462","0,66225","0,04292","0,41667","5.0","171.0","2136.0","8.0","88,23828"
"SYNCOPE","IBk","21","BEST FIRST","UNDERSAMPLING","NO","0,01277","0,69231","0,64401","0,01422","0,30769","9.0","696.0","1611.0","4.0","88,23828"
"SYNCOPE","RandomForest","21","BEST FIRST","OVERSAMPLING","NO","0,00924","0,30769","0,55443","0,00713","0,33333","4.0","429.0","1878.0","9.0","88,23828"
"SYNCOPE","NaiveBayes","21","BEST FIRST","OVERSAMPLING","NO","0,02703","0,38462","0,65536","0,04046","0,41667","5.0","180.0","2127.0","8.0","88,23828"
"SYNCOPE","IBk","21","BEST FIRST","OVERSAMPLING","NO","0,00897","0,30769","0,50158","0,00661","0,38462","4.0","442.0","1865.0","9.0","88,23828"
"SYNCOPE","RandomForest","21","BEST FIRST","NO","SENSITIVE_LEARNING","0,01285","0,38462","0,59988","0,01418","0,30769","5.0","384.0","1923.0","8.0","88,23828"
"SYNCOPE","NaiveBayes","21","BEST FIRST","NO","SENSITIVE_LEARNING","0,03012","0,38462","0,65225","0,04595","0,5","5.0","161.0","2146.0","8.0","88,23828"
"SYNCOPE","IBk","21","BEST FIRST","NO","SENSITIVE_LEARNING","0,01053","0,30769","0,50482","0,00962","0,38462","4.0","376.0","1931.0","9.0","88,23828"
"SYNCOPE","RandomForest","22","NO","NO","NO","0,02105","0,08333","0,60226","0,0239","0,16667","2.0","93.0","3735.0","22.0","83,66204"
"SYNCOPE","NaiveBayes","22","NO","NO","NO","0,0299","0,375","0,74687","0,04436","0,125","9.0","292.0","3536.0","15.0","83,66204"
"SYNCOPE","IBk","22","NO","NO","NO","0,01527","0,08333","0,4333","0,01544","0,08333","2.0","129.0","3699.0","22.0","83,66204"
"SYNCOPE","RandomForest","22","BEST FIRST","NO","NO","0,05455","0,125","0,48416","0,06786","0,16667","3.0","52.0","3776.0","21.0","83,66204"
"SYNCOPE","NaiveBayes","22","BEST FIRST","NO","NO","0,0604","0,375","0,80488","0,09433","0,25","9.0","140.0","3688.0","15.0","83,66204"
"SYNCOPE","IBk","22","BEST FIRST","NO","NO","0,04412","0,125","0,38266","0,05653","0,16667","3.0","65.0","3763.0","21.0","83,66204"
"SYNCOPE","RandomForest","22","BEST FIRST","UNDERSAMPLING","NO","0,01253","0,58333","0,67963","0,01249","0,125","14.0","1103.0","2725.0","10.0","83,66204"
"SYNCOPE","NaiveBayes","22","BEST FIRST","UNDERSAMPLING","NO","0,03103","0,375","0,80798","0,04635","0,125","9.0","281.0","3547.0","15.0","83,66204"
"SYNCOPE","IBk","22","BEST FIRST","UNDERSAMPLING","NO","0,01199","0,58333","0,60384","0,01142","0,08333","14.0","1154.0","2674.0","10.0","83,66204"
"SYNCOPE","RandomForest","22","BEST FIRST","OVERSAMPLING","NO","0,00921","0,29167","0,4072","0,00585","0,08333","7.0","753.0","3075.0","17.0","83,66204"
"SYNCOPE","NaiveBayes","22","BEST FIRST","OVERSAMPLING","NO","0,03526","0,58333","0,80727","0,05541","0,125","14.0","383.0","3445.0","10.0","83,66204"
"SYNCOPE","IBk","22","BEST FIRST","OVERSAMPLING","NO","0,00791","0,25","0,38338","0,00329","0,08333","6.0","753.0","3075.0","18.0","83,66204"
"SYNCOPE","RandomForest","22","BEST FIRST","NO","SENSITIVE_LEARNING","0,00887","0,20833","0,45482","0,00512","0,08333","5.0","559.0","3269.0","19.0","83,66204"
"SYNCOPE","NaiveBayes","22","BEST FIRST","NO","SENSITIVE_LEARNING","0,03715","0,5","0,80488","0,05824","0,125","12.0","311.0","3517.0","12.0","83,66204"
"SYNCOPE","IBk","22","BEST FIRST","NO","SENSITIVE_LEARNING","0,00731","0,16667","0,38286","0,0021","0,08333","4.0","543.0","3285.0","20.0","83,66204"
"SYNCOPE","RandomForest","23","NO","NO","NO","0,07407","0,02703","0,65829","0,02284","0,17568","2.0","25.0","2207.0","72.0","91,09068"
"SYNCOPE","NaiveBayes","23","NO","NO","NO","0,15385","0,16216","0,73079","0,12922","0,16216","12.0","66.0","2166.0","62.0","91,09068"
"SYNCOPE","IBk","23","NO","NO","NO","0,08974","0,09459","0,49301","0,06119","0,17568","7.0","71.0","2161.0","67.0","91,09068"
"SYNCOPE","RandomForest","23","BEST FIRST","NO","NO","0,13514","0,06757","0,64396","0,0702","0,23288","5.0","32.0","2200.0","69.0","91,09068"
"SYNCOPE","NaiveBayes","23","BEST FIRST","NO","NO","0,14286","0,16216","0,72105","0,12194","0,09459","12.0","72.0","2160.0","62.0","91,09068"
"SYNCOPE","IBk","23","BEST FIRST","NO","NO","0,13514","0,13514","0,4748","0,10646","0,18919","10.0","64.0","2168.0","64.0","91,09068"
"SYNCOPE","RandomForest","23","BEST FIRST","UNDERSAMPLING","NO","0,06284","0,62162","0,70851","0,05931","0,24324","46.0","686.0","1546.0","28.0","91,09068"
"SYNCOPE","NaiveBayes","23","BEST FIRST","UNDERSAMPLING","NO","0,16216","0,40541","0,74188","0,19474","0,2027","30.0","155.0","2077.0","44.0","91,09068"
"SYNCOPE","IBk","23","BEST FIRST","UNDERSAMPLING","NO","0,0638","0,66216","0,69699","0,06145","0,27027","49.0","719.0","1513.0","25.0","91,09068"
"SYNCOPE","RandomForest","23","BEST FIRST","OVERSAMPLING","NO","0,05226","0,2973","0,55015","0,03628","0,2027","22.0","399.0","1833.0","52.0","91,09068"
"SYNCOPE","NaiveBayes","23","BEST FIRST","OVERSAMPLING","NO","0,15816","0,41892","0,71646","0,19198","0,22973","31.0","165.0","2067.0","43.0","91,09068"
"SYNCOPE","IBk","23","BEST FIRST","OVERSAMPLING","NO","0,04684","0,27027","0,47699","0,02659","0,21622","20.0","407.0","1825.0","54.0","91,09068"
"SYNCOPE","RandomForest","23","BEST FIRST","NO","SENSITIVE_LEARNING","0,05639","0,2027","0,58961","0,04003","0,21622","15.0","251.0","1981.0","59.0","91,09068"
"SYNCOPE","NaiveBayes","23","BEST FIRST","NO","SENSITIVE_LEARNING","0,15341","0,36486","0,72105","0,1789","0,22973","27.0","149.0","2083.0","47.0","91,09068"
"SYNCOPE","IBk","23","BEST FIRST","NO","SENSITIVE_LEARNING","0,04247","0,14865","0,47472","0,017","0,2027","11.0","248.0","1984.0","63.0","91,09068"
"SYNCOPE","RandomForest","24","NO","NO","NO","0,19231","0,06944","0,71951","0,08791","0,23944","5.0","21.0","2373.0","67.0","91,30128"
"SYNCOPE","NaiveBayes","24","NO","NO","NO","0,21429","0,29167","0,76128","0,22083","0,29167","21.0","77.0","2317.0","51.0","91,30128"
"SYNCOPE","IBk","24","NO","NO","NO","0,12195","0,13889","0,51211","0,10195","0,22222","10.0","72.0","2322.0","62.0","91,30128"
"SYNCOPE","RandomForest","24","BEST FIRST","NO","NO","0,22727","0,13889","0,63819","0,15367","0,26761","10.0","34.0","2360.0","62.0","91,30128"
"SYNCOPE","NaiveBayes","24","BEST FIRST","NO","NO","0,25676","0,26389","0,76217","0,23771","0,26389","19.0","55.0","2339.0","53.0","91,30128"
"SYNCOPE","IBk","24","BEST FIRST","NO","NO","0,16667","0,15278","0,54699","0,13527","0,27778","11.0","55.0","2339.0","61.0","91,30128"
"SYNCOPE","RandomForest","24","BEST FIRST","UNDERSAMPLING","NO","0,05898","0,625","0,69895","0,05749","0,23611","45.0","718.0","1676.0","27.0","91,30128"
"SYNCOPE","NaiveBayes","24","BEST FIRST","UNDERSAMPLING","NO","0,13983","0,45833","0,75661","0,17748","0,25352","33.0","203.0","2191.0","39.0","91,30128"
"SYNCOPE","IBk","24","BEST FIRST","UNDERSAMPLING","NO","0,05976","0,68056","0,70817","0,05937","0,25","49.0","771.0","1623.0","23.0","91,30128"
"SYNCOPE","RandomForest","24","BEST FIRST","OVERSAMPLING","NO","0,05694","0,44444","0,61586","0,05187","0,22222","32.0","530.0","1864.0","40.0","91,30128"
"SYNCOPE","NaiveBayes","24","BEST FIRST","OVERSAMPLING","NO","0,13974","0,44444","0,75783","0,17602","0,22535","32.0","197.0","2197.0","40.0","91,30128"
"SYNCOPE","IBk","24","BEST FIRST","OVERSAMPLING","NO","0,05448","0,43056","0,59781","0,04734","0,23611","31.0","538.0","1856.0","41.0","91,30128"
"SYNCOPE","RandomForest","24","BEST FIRST","NO","SENSITIVE_LEARNING","0,07821","0,38889","0,62875","0,08579","0,23611","28.0","330.0","2064.0","44.0","91,30128"
"SYNCOPE","NaiveBayes","24","BEST FIRST","NO","SENSITIVE_LEARNING","0,15758","0,36111","0,76217","0,18633","0,23944","26.0","139.0","2255.0","46.0","91,30128"
"SYNCOPE","IBk","24","BEST FIRST","NO","SENSITIVE_LEARNING","0,06866","0,31944","0,54683","0,06824","0,25","23.0","312.0","2082.0","49.0","91,30128"
"SYNCOPE","RandomForest","25","NO","NO","NO","0,1","0,04651","0,69643","0,05412","0,34884","2.0","18.0","2693.0","41.0","91,14555"
"SYNCOPE","NaiveBayes","25","NO","NO","NO","0,09259","0,34884","0,78523","0,12474","0,27907","15.0","147.0","2564.0","28.0","91,14555"
"SYNCOPE","IBk","25","NO","NO","NO","0,08081","0,18605","0,46778","0,09293","0,18605","8.0","91.0","2620.0","35.0","91,14555"
"SYNCOPE","RandomForest","25","BEST FIRST","NO","NO","0,125","0,13953","0,69182","0,11733","0,37209","6.0","42.0","2669.0","37.0","91,14555"
"SYNCOPE","NaiveBayes","25","BEST FIRST","NO","NO","0,1039","0,18605","0,76766","0,11561","0,18605","8.0","69.0","2642.0","35.0","91,14555"
"SYNCOPE","IBk","25","BEST FIRST","NO","NO","0,10811","0,18605","0,56467","0,11936","0,32558","8.0","66.0","2645.0","35.0","91,14555"
"SYNCOPE","RandomForest","25","BEST FIRST","UNDERSAMPLING","NO","0,03394","0,65116","0,71274","0,0359","0,34884","28.0","797.0","1914.0","15.0","91,14555"
"SYNCOPE","NaiveBayes","25","BEST FIRST","UNDERSAMPLING","NO","0,04472","0,25581","0,61549","0,0509","0,30233","11.0","235.0","2476.0","32.0","91,14555"
"SYNCOPE","IBk","25","BEST FIRST","UNDERSAMPLING","NO","0,03135","0,67442","0,66059","0,031","0,34884","29.0","896.0","1815.0","14.0","91,14555"
"SYNCOPE","RandomForest","25","BEST FIRST","OVERSAMPLING","NO","0,02747","0,34884","0,59958","0,02264","0,2093","15.0","531.0","2180.0","28.0","91,14555"
"SYNCOPE","NaiveBayes","25","BEST FIRST","OVERSAMPLING","NO","0,05903","0,39535","0,74048","0,07766","0,30233","17.0","271.0","2440.0","26.0","91,14555"
"SYNCOPE","IBk","25","BEST FIRST","OVERSAMPLING","NO","0,02788","0,34884","0,5649","0,0234","0,25581","15.0","523.0","2188.0","28.0","91,14555"
"SYNCOPE","RandomForest","25","BEST FIRST","NO","SENSITIVE_LEARNING","0,04558","0,37209","0,63764","0,05493","0,25581","16.0","335.0","2376.0","27.0","91,14555"
"SYNCOPE","NaiveBayes","25","BEST FIRST","NO","SENSITIVE_LEARNING","0,07979","0,34884","0,76766","0,10718","0,34884","15.0","173.0","2538.0","28.0","91,14555"
"SYNCOPE","IBk","25","BEST FIRST","NO","SENSITIVE_LEARNING","0,03858","0,30233","0,56471","0,04189","0,25581","13.0","324.0","2387.0","30.0","91,14555"
"SYNCOPE","RandomForest","26","NO","NO","NO","0,03846","0,02128","0,66706","0,01465","0,2766","1.0","25.0","2516.0","46.0","92,31842"
"SYNCOPE","NaiveBayes","26","NO","NO","NO","0,11111","0,14894","0,83473","0,10873","0,31915","7.0","56.0","2485.0","40.0","92,31842"
"SYNCOPE","IBk","26","NO","NO","NO","0,0625","0,08511","0,41776","0,05222","0,19149","4.0","60.0","2481.0","43.0","92,31842"
"SYNCOPE","RandomForest","26","BEST FIRST","NO","NO","0","0","0,58973","-0,01311","0,38298","0.0","26.0","2515.0","47.0","92,31842"
"SYNCOPE","NaiveBayes","26","BEST FIRST","NO","NO","0,03175","0,04255","0,79234","0,01589","0,21277","2.0","61.0","2480.0","45.0","92,31842"
"SYNCOPE","IBk","26","BEST FIRST","NO","NO","0,09756","0,08511","0,51103","0,07526","0,29787","4.0","37.0","2504.0","43.0","92,31842"
"SYNCOPE","RandomForest","26","BEST FIRST","UNDERSAMPLING","NO","0,04076","0,59574","0,69463","0,04379","0,34043","28.0","659.0","1882.0","19.0","92,31842"
"SYNCOPE","NaiveBayes","26","BEST FIRST","UNDERSAMPLING","NO","0,06726","0,31915","0,78267","0,08362","0,3617","15.0","208.0","2333.0","32.0","92,31842"
"SYNCOPE","IBk","26","BEST FIRST","UNDERSAMPLING","NO","0,03337","0,57447","0,62285","0,02978","0,3617","27.0","782.0","1759.0","20.0","92,31842"
"SYNCOPE","RandomForest","26","BEST FIRST","OVERSAMPLING","NO","0,032","0,34043","0,49349","0,02617","0,2766","16.0","484.0","2057.0","31.0","92,31842"
"SYNCOPE","NaiveBayes","26","BEST FIRST","OVERSAMPLING","NO","0,06075","0,2766","0,78099","0,07198","0,2766","13.0","201.0","2340.0","34.0","92,31842"
"SYNCOPE","IBk","26","BEST FIRST","OVERSAMPLING","NO","0,03586","0,38298","0,52463","0,03347","0,2766","18.0","484.0","2057.0","29.0","92,31842"
"SYNCOPE","RandomForest","26","BEST FIRST","NO","SENSITIVE_LEARNING","0,03859","0,25532","0,54274","0,03664","0,34043","12.0","299.0","2242.0","35.0","92,31842"
"SYNCOPE","NaiveBayes","26","BEST FIRST","NO","SENSITIVE_LEARNING","0,04861","0,14894","0,79234","0,04721","0,31915","7.0","137.0","2404.0","40.0","92,31842"
"SYNCOPE","IBk","26","BEST FIRST","NO","SENSITIVE_LEARNING","0,04407","0,2766","0,51086","0,04614","0,31915","13.0","282.0","2259.0","34.0","92,31842"
"SYNCOPE","RandomForest","27","NO","NO","NO","0,2","0,02667","0,63016","0,03554","0,22667","2.0","8.0","1395.0","73.0","95,79744"
"SYNCOPE","NaiveBayes","27","NO","NO","NO","0,27586","0,10667","0,73799","0,1292","0,18667","8.0","21.0","1382.0","67.0","95,79744"
"SYNCOPE","IBk","27","NO","NO","NO","0,29412","0,13333","0,49398","0,15679","0,2","10.0","24.0","1379.0","65.0","95,79744"
"SYNCOPE","RandomForest","27","BEST FIRST","NO","NO","0,4","0,02667","0,53753","0,04394","0,24","2.0","3.0","1400.0","73.0","95,79744"
"SYNCOPE","NaiveBayes","27","BEST FIRST","NO","NO","0,16","0,05333","0,72391","0,05605","0,16","4.0","21.0","1382.0","71.0","95,79744"
"SYNCOPE","IBk","27","BEST FIRST","NO","NO","0,26316","0,06667","0,43654","0,08767","0,2","5.0","14.0","1389.0","70.0","95,79744"
"SYNCOPE","RandomForest","27","BEST FIRST","UNDERSAMPLING","NO","0,11111","0,52","0,6746","0,10856","0,26667","39.0","312.0","1091.0","36.0","95,79744"
"SYNCOPE","NaiveBayes","27","BEST FIRST","UNDERSAMPLING","NO","0,18421","0,18667","0,73731","0,14158","0,18667","14.0","62.0","1341.0","61.0","95,79744"
"SYNCOPE","IBk","27","BEST FIRST","UNDERSAMPLING","NO","0,09867","0,49333","0,61665","0,08725","0,24","37.0","338.0","1065.0","38.0","95,79744"
"SYNCOPE","RandomForest","27","BEST FIRST","OVERSAMPLING","NO","0,08257","0,24","0,49066","0,05122","0,22667","18.0","200.0","1203.0","57.0","95,79744"
"SYNCOPE","NaiveBayes","27","BEST FIRST","OVERSAMPLING","NO","0,16304","0,2","0,72804","0,13106","0,16","15.0","77.0","1326.0","60.0","95,79744"
"SYNCOPE","IBk","27","BEST FIRST","OVERSAMPLING","NO","0,08108","0,24","0,46701","0,04907","0,26667","18.0","204.0","1199.0","57.0","95,79744"
"SYNCOPE","RandomForest","27","BEST FIRST","NO","SENSITIVE_LEARNING","0,10714","0,16","0,51025","0,07193","0,21333","12.0","100.0","1303.0","63.0","95,79744"
"SYNCOPE","NaiveBayes","27","BEST FIRST","NO","SENSITIVE_LEARNING","0,18333","0,14667","0,72391","0,12342","0,2","11.0","49.0","1354.0","64.0","95,79744"
"SYNCOPE","IBk","27","BEST FIRST","NO","SENSITIVE_LEARNING","0,08257","0,12","0,43656","0,04012","0,21333","9.0","100.0","1303.0","66.0","95,79744"
"SYNCOPE","RandomForest","28","NO","NO","NO","0,05556","0,0087","0,72618","-0,00203","0,3913","1.0","17.0","1696.0","114.0","95,05906"
"SYNCOPE","NaiveBayes","28","NO","NO","NO","0,31343","0,18261","0,81953","0,19341","0,27826","21.0","46.0","1667.0","94.0","95,05906"
"SYNCOPE","IBk","28","NO","NO","NO","0,15584","0,10435","0,47234","0,0785","0,18261","12.0","65.0","1648.0","103.0","95,05906"
"SYNCOPE","RandomForest","28","BEST FIRST","NO","NO","0,16129","0,04348","0,63687","0,04292","0,31304","5.0","26.0","1687.0","110.0","95,05906"
"SYNCOPE","NaiveBayes","28","BEST FIRST","NO","NO","0,16216","0,05217","0,69744","0,04985","0,09565","6.0","31.0","1682.0","109.0","95,05906"
"SYNCOPE","IBk","28","BEST FIRST","NO","NO","0,18","0,07826","0,43795","0,07378","0,22609","9.0","41.0","1672.0","106.0","95,05906"
"SYNCOPE","RandomForest","28","BEST FIRST","UNDERSAMPLING","NO","0,14161","0,70435","0,72779","0,14638","0,3913","81.0","491.0","1222.0","34.0","95,05906"
"SYNCOPE","NaiveBayes","28","BEST FIRST","UNDERSAMPLING","NO","0,15714","0,1913","0,68375","0,11115","0,18261","22.0","118.0","1595.0","93.0","95,05906"
"SYNCOPE","IBk","28","BEST FIRST","UNDERSAMPLING","NO","0,13198","0,67826","0,68738","0,12925","0,43478","78.0","513.0","1200.0","37.0","95,05906"
"SYNCOPE","RandomForest","28","BEST FIRST","OVERSAMPLING","NO","0,11371","0,29565","0,54345","0,08072","0,26957","34.0","265.0","1448.0","81.0","95,05906"
"SYNCOPE","NaiveBayes","28","BEST FIRST","OVERSAMPLING","NO","0,16667","0,18261","0,70422","0,11613","0,1913","21.0","105.0","1608.0","94.0","95,05906"
"SYNCOPE","IBk","28","BEST FIRST","OVERSAMPLING","NO","0,10067","0,26087","0,46342","0,05993","0,27826","30.0","268.0","1445.0","85.0","95,05906"
"SYNCOPE","RandomForest","28","BEST FIRST","NO","SENSITIVE_LEARNING","0,16875","0,23478","0,58146","0,13289","0,29565","27.0","133.0","1580.0","88.0","95,05906"
"SYNCOPE","NaiveBayes","28","BEST FIRST","NO","SENSITIVE_LEARNING","0,16667","0,12174","0,69744","0,09251","0,2","14.0","70.0","1643.0","101.0","95,05906"
"SYNCOPE","IBk","28","BEST FIRST","NO","SENSITIVE_LEARNING","0,1457","0,1913","0,43796","0,10122","0,26087","22.0","129.0","1584.0","93.0","95,05906"
"SYNCOPE","RandomForest","29","NO","NO","NO","0,08333","0,01111","0,8095","0,00763","0,4","1.0","11.0","1653.0","89.0","95,47367"
"SYNCOPE","NaiveBayes","29","NO","NO","NO","0,32258","0,22222","0,85421","0,23097","0,34444","20.0","42.0","1622.0","70.0","95,47367"
"SYNCOPE","IBk","29","NO","NO","NO","0,20253","0,17778","0,48578","0,1485","0,21111","16.0","63.0","1601.0","74.0","95,47367"
"SYNCOPE","RandomForest","29","BEST FIRST","NO","NO","0,28571","0,11111","0,66047","0,13515","0,26667","10.0","25.0","1639.0","80.0","95,47367"
"SYNCOPE","NaiveBayes","29","BEST FIRST","NO","NO","0,21875","0,07778","0,74709","0,09027","0,1","7.0","25.0","1639.0","83.0","95,47367"
"SYNCOPE","IBk","29","BEST FIRST","NO","NO","0,22222","0,17778","0,4593","0,15918","0,23333","16.0","56.0","1608.0","74.0","95,47367"
"SYNCOPE","RandomForest","29","BEST FIRST","UNDERSAMPLING","NO","0,10863","0,75556","0,75816","0,1101","0,23333","68.0","558.0","1106.0","22.0","95,47367"
"SYNCOPE","NaiveBayes","29","BEST FIRST","UNDERSAMPLING","NO","0,18627","0,21111","0,75249","0,15167","0,23333","19.0","83.0","1581.0","71.0","95,47367"
"SYNCOPE","IBk","29","BEST FIRST","UNDERSAMPLING","NO","0,10159","0,71111","0,66035","0,09666","0,2","64.0","566.0","1098.0","26.0","95,47367"
"SYNCOPE","RandomForest","29","BEST FIRST","OVERSAMPLING","NO","0,08046","0,23333","0,51815","0,04693","0,16667","21.0","240.0","1424.0","69.0","95,47367"
"SYNCOPE","NaiveBayes","29","BEST FIRST","OVERSAMPLING","NO","0,19444","0,23333","0,74511","0,1654","0,17778","21.0","87.0","1577.0","69.0","95,47367"
"SYNCOPE","IBk","29","BEST FIRST","OVERSAMPLING","NO","0,08397","0,24444","0,46075","0,05264","0,18889","22.0","240.0","1424.0","68.0","95,47367"
"SYNCOPE","RandomForest","29","BEST FIRST","NO","SENSITIVE_LEARNING","0,11628","0,22222","0,56929","0,09146","0,17778","20.0","152.0","1512.0","70.0","95,47367"
"SYNCOPE","NaiveBayes","29","BEST FIRST","NO","SENSITIVE_LEARNING","0,18182","0,15556","0,74709","0,12632","0,18889","14.0","63.0","1601.0","76.0","95,47367"
"SYNCOPE","IBk","29","BEST FIRST","NO","SENSITIVE_LEARNING","0,11465","0,2","0,45928","0,08614","0,2","18.0","139.0","1525.0","72.0","95,47367"
"SYNCOPE","RandomForest","30","NO","NO","NO","0,38462","0,03546","0,69033","0,05182","0,28571","5.0","8.0","1572.0","136.0","95,74768"
"SYNCOPE","NaiveBayes","30","NO","NO","NO","0,41304","0,13475","0,75386","0,16974","0,21277","19.0","27.0","1553.0","122.0","95,74768"
"SYNCOPE","IBk","30","NO","NO","NO","0,40909","0,12766","0,50418","0,16193","0,25532","18.0","26.0","1554.0","123.0","95,74768"
"SYNCOPE","RandomForest","30","BEST FIRST","NO","NO","0,42105","0,05674","0,63462","0,08214","0,24823","8.0","11.0","1569.0","133.0","95,74768"
"SYNCOPE","NaiveBayes","30","BEST FIRST","NO","NO","0,52941","0,12766","0,70689","0,1796","0,18571","18.0","16.0","1564.0","123.0","95,74768"
"SYNCOPE","IBk","30","BEST FIRST","NO","NO","0,35556","0,11348","0,46858","0,13787","0,24113","16.0","29.0","1551.0","125.0","95,74768"
"SYNCOPE","RandomForest","30","BEST FIRST","UNDERSAMPLING","NO","0,17325","0,56028","0,72802","0,15946","0,23404","79.0","377.0","1203.0","62.0","95,74768"
"SYNCOPE","NaiveBayes","30","BEST FIRST","UNDERSAMPLING","NO","0,38095","0,28369","0,70205","0,27446","0,28571","40.0","65.0","1515.0","101.0","95,74768"
"SYNCOPE","IBk","30","BEST FIRST","UNDERSAMPLING","NO","0,15779","0,5461","0,64857","0,13485","0,24286","77.0","411.0","1169.0","64.0","95,74768"
"SYNCOPE","RandomForest","30","BEST FIRST","OVERSAMPLING","NO","0,1358","0,23404","0,52869","0,07607","0,23404","33.0","210.0","1370.0","108.0","95,74768"
"SYNCOPE","NaiveBayes","30","BEST FIRST","OVERSAMPLING","NO","0,37736","0,28369","0,68835","0,27275","0,28571","40.0","66.0","1514.0","101.0","95,74768"
"SYNCOPE","IBk","30","BEST FIRST","OVERSAMPLING","NO","0,13147","0,23404","0,48552","0,07089","0,22695","33.0","218.0","1362.0","108.0","95,74768"
"SYNCOPE","RandomForest","30","BEST FIRST","NO","SENSITIVE_LEARNING","0,14765","0,15603","0,57866","0,07374","0,22143","22.0","127.0","1453.0","119.0","95,74768"
"SYNCOPE","NaiveBayes","30","BEST FIRST","NO","SENSITIVE_LEARNING","0,39241","0,21986","0,70689","0,23692","0,28571","31.0","48.0","1532.0","110.0","95,74768"
"SYNCOPE","IBk","30","BEST FIRST","NO","SENSITIVE_LEARNING","0,16084","0,16312","0,46857","0,08661","0,22695","23.0","120.0","1460.0","118.0","95,74768"
"SYNCOPE","RandomForest","31","NO","NO","NO","0","0","0,6688","-0,00753","0,3","0.0","10.0","1753.0","20.0","95,78038"
"SYNCOPE","NaiveBayes","31","NO","NO","NO","0,05556","0,1","0,7096","0,05784","0,2","2.0","34.0","1729.0","18.0","95,78038"
"SYNCOPE","IBk","31","NO","NO","NO","0,02083","0,05","0,56373","0,01379","0,25","1.0","47.0","1716.0","19.0","95,78038"
"SYNCOPE","RandomForest","31","BEST FIRST","NO","NO","0,04545","0,05","0,66492","0,03629","0,25","1.0","21.0","1742.0","19.0","95,78038"
"SYNCOPE","NaiveBayes","31","BEST FIRST","NO","NO","0,05263","0,1","0,72852","0,05508","0,15","2.0","36.0","1727.0","18.0","95,78038"
"SYNCOPE","IBk","31","BEST FIRST","NO","NO","0","0","0,53444","-0,01417","0,2","0.0","33.0","1730.0","20.0","95,78038"
"SYNCOPE","RandomForest","31","BEST FIRST","UNDERSAMPLING","NO","0,02637","0,6","0,73257","0,02967","0,2","12.0","443.0","1320.0","8.0","95,78038"
"SYNCOPE","NaiveBayes","31","BEST FIRST","UNDERSAMPLING","NO","0,04854","0,25","0,71739","0,06371","0,1","5.0","98.0","1665.0","15.0","95,78038"
"SYNCOPE","IBk","31","BEST FIRST","UNDERSAMPLING","NO","0,02708","0,65","0,74502","0,03113","0,2","13.0","467.0","1296.0","7.0","95,78038"
"SYNCOPE","RandomForest","31","BEST FIRST","OVERSAMPLING","NO","0,02349","0,35","0,60549","0,0235","0,2","7.0","291.0","1472.0","13.0","95,78038"
"SYNCOPE","NaiveBayes","31","BEST FIRST","OVERSAMPLING","NO","0,0431","0,25","0,72545","0,05546","0,1","5.0","111.0","1652.0","15.0","95,78038"
"SYNCOPE","IBk","31","BEST FIRST","OVERSAMPLING","NO","0,01961","0,3","0,52328","0,01609","0,2","6.0","300.0","1463.0","14.0","95,78038"
"SYNCOPE","RandomForest","31","BEST FIRST","NO","SENSITIVE_LEARNING","0,02959","0,25","0,63582","0,03352","0,25","5.0","164.0","1599.0","15.0","95,78038"
"SYNCOPE","NaiveBayes","31","BEST FIRST","NO","SENSITIVE_LEARNING","0,04545","0,2","0,72852","0,05683","0,1","4.0","84.0","1679.0","16.0","95,78038"
"SYNCOPE","IBk","31","BEST FIRST","NO","SENSITIVE_LEARNING","0,01807","0,15","0,53433","0,01249","0,25","3.0","163.0","1600.0","17.0","95,78038"
"SYNCOPE","RandomForest","32","NO","NO","NO","0","0","0,51592","-0,00738","0,11111","0.0","10.0","1728.0","18.0","96,01009"
"SYNCOPE","NaiveBayes","32","NO","NO","NO","0","0","0,67293","-0,01064","0,11111","0.0","19.0","1719.0","18.0","96,01009"
"SYNCOPE","IBk","32","NO","NO","NO","0,05882","0,05556","0,56706","0,04766","0,22222","1.0","16.0","1722.0","17.0","96,01009"
"SYNCOPE","RandomForest","32","BEST FIRST","NO","NO","0","0","0,51793","-0,00738","0,27778","0.0","10.0","1728.0","18.0","96,01009"
"SYNCOPE","NaiveBayes","32","BEST FIRST","NO","NO","0,05128","0,11111","0,67769","0,05695","0,16667","2.0","37.0","1701.0","16.0","96,01009"
"SYNCOPE","IBk","32","BEST FIRST","NO","NO","0,06667","0,05556","0,57283","0,05177","0,27778","1.0","14.0","1724.0","17.0","96,01009"
"SYNCOPE","RandomForest","32","BEST FIRST","UNDERSAMPLING","NO","0,0105","0,22222","0,63879","0,00048","0,22222","4.0","377.0","1361.0","14.0","96,01009"
"SYNCOPE","NaiveBayes","32","BEST FIRST","UNDERSAMPLING","NO","0,05825","0,33333","0,69104","0,08317","0,27778","6.0","97.0","1641.0","12.0","96,01009"
"SYNCOPE","IBk","32","BEST FIRST","UNDERSAMPLING","NO","0,00952","0,22222","0,5844","-0,00142","0,22222","4.0","416.0","1322.0","14.0","96,01009"
"SYNCOPE","RandomForest","32","BEST FIRST","OVERSAMPLING","NO","0,01266","0,22222","0,52415","0,00465","0,22222","4.0","312.0","1426.0","14.0","96,01009"
"SYNCOPE","NaiveBayes","32","BEST FIRST","OVERSAMPLING","NO","0,05","0,33333","0,68129","0,07038","0,27778","6.0","114.0","1624.0","12.0","96,01009"
"SYNCOPE","IBk","32","BEST FIRST","OVERSAMPLING","NO","0,01587","0,27778","0,57453","0,01085","0,22222","5.0","310.0","1428.0","13.0","96,01009"
"SYNCOPE","RandomForest","32","BEST FIRST","NO","SENSITIVE_LEARNING","0,01429","0,11111","0,51753","0,00728","0,16667","2.0","138.0","1600.0","16.0","96,01009"
"SYNCOPE","NaiveBayes","32","BEST FIRST","NO","SENSITIVE_LEARNING","0,06098","0,27778","0,67769","0,08461","0,27778","5.0","77.0","1661.0","13.0","96,01009"
"SYNCOPE","IBk","32","BEST FIRST","NO","SENSITIVE_LEARNING","0,01449","0,11111","0,57275","0,00764","0,16667","2.0","136.0","1602.0","16.0","96,01009"
"SYNCOPE","RandomForest","33","NO","NO","NO","0","NaN","NaN","0","0","0.0","5.0","1759.0","0.0","96,14637"
"SYNCOPE","NaiveBayes","33","NO","NO","NO","0","NaN","NaN","0","0","0.0","20.0","1744.0","0.0","96,14637"
"SYNCOPE","IBk","33","NO","NO","NO","0","NaN","NaN","0","0","0.0","11.0","1753.0","0.0","96,14637"
"SYNCOPE","RandomForest","33","BEST FIRST","NO","NO","0","NaN","NaN","0","0","0.0","4.0","1760.0","0.0","96,14637"
"SYNCOPE","NaiveBayes","33","BEST FIRST","NO","NO","0","NaN","NaN","0","0","0.0","36.0","1728.0","0.0","96,14637"
"SYNCOPE","IBk","33","BEST FIRST","NO","NO","0","NaN","NaN","0","0","0.0","16.0","1748.0","0.0","96,14637"
"SYNCOPE","RandomForest","33","BEST FIRST","UNDERSAMPLING","NO","0","NaN","NaN","0","0","0.0","400.0","1364.0","0.0","96,14637"
"SYNCOPE","NaiveBayes","33","BEST FIRST","UNDERSAMPLING","NO","0","NaN","NaN","0","0","0.0","82.0","1682.0","0.0","96,14637"
"SYNCOPE","IBk","33","BEST FIRST","UNDERSAMPLING","NO","0","NaN","NaN","0","0","0.0","449.0","1315.0","0.0","96,14637"
"SYNCOPE","RandomForest","33","BEST FIRST","OVERSAMPLING","NO","0","NaN","NaN","0","0","0.0","313.0","1451.0","0.0","96,14637"
"SYNCOPE","NaiveBayes","33","BEST FIRST","OVERSAMPLING","NO","0","NaN","NaN","0","0","0.0","104.0","1660.0","0.0","96,14637"
"SYNCOPE","IBk","33","BEST FIRST","OVERSAMPLING","NO","0","NaN","NaN","0","0","0.0","331.0","1433.0","0.0","96,14637"
"SYNCOPE","RandomForest","33","BEST FIRST","NO","SENSITIVE_LEARNING","0","NaN","NaN","0","0","0.0","97.0","1667.0","0.0","96,14637"
"SYNCOPE","NaiveBayes","33","BEST FIRST","NO","SENSITIVE_LEARNING","0","NaN","NaN","0","0","0.0","72.0","1692.0","0.0","96,14637"
"SYNCOPE","IBk","33","BEST FIRST","NO","SENSITIVE_LEARNING","0","NaN","NaN","0","0","0.0","108.0","1656.0","0.0","96,14637"
"SYNCOPE","RandomForest","34","NO","NO","NO","0","NaN","NaN","0","0","0.0","3.0","1755.0","0.0","96,30152"
"SYNCOPE","NaiveBayes","34","NO","NO","NO","0","NaN","NaN","0","0","0.0","16.0","1742.0","0.0","96,30152"
"SYNCOPE","IBk","34","NO","NO","NO","0","NaN","NaN","0","0","0.0","4.0","1754.0","0.0","96,30152"
"SYNCOPE","RandomForest","34","BEST FIRST","NO","NO","0","NaN","NaN","0","0","0.0","3.0","1755.0","0.0","96,30152"
"SYNCOPE","NaiveBayes","34","BEST FIRST","NO","NO","0","NaN","NaN","0","0","0.0","34.0","1724.0","0.0","96,30152"
"SYNCOPE","IBk","34","BEST FIRST","NO","NO","0","NaN","NaN","0","0","0.0","4.0","1754.0","0.0","96,30152"
"SYNCOPE","RandomForest","34","BEST FIRST","UNDERSAMPLING","NO","0","NaN","NaN","0","0","0.0","361.0","1397.0","0.0","96,30152"
"SYNCOPE","NaiveBayes","34","BEST FIRST","UNDERSAMPLING","NO","0","NaN","NaN","0","0","0.0","155.0","1603.0","0.0","96,30152"
"SYNCOPE","IBk","34","BEST FIRST","UNDERSAMPLING","NO","0","NaN","NaN","0","0","0.0","387.0","1371.0","0.0","96,30152"
"SYNCOPE","RandomForest","34","BEST FIRST","OVERSAMPLING","NO","0","NaN","NaN","0","0","0.0","293.0","1465.0","0.0","96,30152"
"SYNCOPE","NaiveBayes","34","BEST FIRST","OVERSAMPLING","NO","0","NaN","NaN","0","0","0.0","90.0","1668.0","0.0","96,30152"
"SYNCOPE","IBk","34","BEST FIRST","OVERSAMPLING","NO","0","NaN","NaN","0","0","0.0","295.0","1463.0","0.0","96,30152"
"SYNCOPE","RandomForest","34","BEST FIRST","NO","SENSITIVE_LEARNING","0","NaN","NaN","0","0","0.0","98.0","1660.0","0.0","96,30152"
"SYNCOPE","NaiveBayes","34","BEST FIRST","NO","SENSITIVE_LEARNING","0","NaN","NaN","0","0","0.0","65.0","1693.0","0.0","96,30152"
"SYNCOPE","IBk","34","BEST FIRST","NO","SENSITIVE_LEARNING","0","NaN","NaN","0","0","0.0","97.0","1661.0","0.0","96,30152"
